"Abdul Hamid",hamid@gmail.com,uploads/640ef879df08e-2023-03-13-avatar-1.png
"Al Mamun",mamun@gmail.com,uploads/640ef898ecb07-2023-03-13-avatar-2.png
"Md Hasan Mahmud",hasan@gmail.com,uploads/640ef8b5d60ab-2023-03-13-avatar-3.png
"Md. Al-Amin Sarker",alamin@gmail.com,uploads/640ef8d0d1d9f-2023-03-13-avatar-4.jpg
"Md. Amir Hossain",amir@gmail.com,uploads/640ef91a4268b-2023-03-13-avatar-1.png
"Ronay Kumar",ranoy@yahoo.com,uploads/640efe9f86dfc-2023-03-13-avatar-4.jpg
"RM Mottaleb",motaleb@gmail.com,uploads/640f01328120b-2023-03-13-avatar-2.png
kupy@mailinator.com,ruhozupewe@mailinator.com,uploads/640f04710f205-2023-03-13-avatar-3.png
Fahim,fahim@gmail.com,uploads/640f420dd3782-2023-03-13-461133491v8q0s.jpg
